indicateur,unite,valeur_2024,valeur_2025,source
Taux de chomage national,%,13.3,13.0,https://ecoactu.ma/le-taux-de-chomage-recule-de-03-pas-a-13-en-2025-hcp/
Milieu urbain,%,16.9,16.4,https://ecoactu.ma/le-taux-de-chomage-recule-de-03-pas-a-13-en-2025-hcp/
Milieu rural,%,6.8,6.6,https://ecoactu.ma/le-taux-de-chomage-recule-de-03-pas-a-13-en-2025-hcp/
Hommes,%,11.6,10.8,https://ecoactu.ma/le-taux-de-chomage-recule-de-03-pas-a-13-en-2025-hcp/
Femmes,%,19.4,20.5,https://ecoactu.ma/le-taux-de-chomage-recule-de-03-pas-a-13-en-2025-hcp/
Jeunes 15-24 ans,%,36.7,37.2,https://ecoactu.ma/le-taux-de-chomage-recule-de-03-pas-a-13-en-2025-hcp/
25-34 ans,%,21.0,20.9,https://atlasinfo.fr/maroc-le-taux-de-chomage-diminue-de-03-point-en-2025-hcp.html
35-44 ans,%,7.6,7.2,https://atlasinfo.fr/maroc-le-taux-de-chomage-diminue-de-03-point-en-2025-hcp.html
45 ans et plus,%,4.0,3.6,https://atlasinfo.fr/maroc-le-taux-de-chomage-diminue-de-03-point-en-2025-hcp.html
Diplomes,%,19.6,19.1,https://ecoactu.ma/le-taux-de-chomage-recule-de-03-pas-a-13-en-2025-hcp/
Sans diplome,%,5.2,4.7,https://ecoactu.ma/le-taux-de-chomage-recule-de-03-pas-a-13-en-2025-hcp/
Part des chomeurs n'ayant jamais travaille,%,49.3,52.9,https://telquel.ma/instant-t/2026/02/03/le-taux-de-chomage-diminue-de-03-point-en-2025-selon-hcp_1973660/
Part des chomeurs depuis un an ou plus,%,62.4,64.8,https://telquel.ma/instant-t/2026/02/03/le-taux-de-chomage-diminue-de-03-point-en-2025-selon-hcp_1973660/
Duree moyenne de chomage,mois,31,33,https://telquel.ma/instant-t/2026/02/03/le-taux-de-chomage-diminue-de-03-point-en-2025-selon-hcp_1973660/
Taux d'activite,%,43.5,43.5,https://ecoactu.ma/le-taux-de-chomage-recule-de-03-pas-a-13-en-2025-hcp/
Nombre de chomeurs,personnes,1638000,1621000,https://leseco.ma/maroc/maroc-le-taux-de-chomage-recule-a-13-en-2025.html
Actifs occupes en sous-emploi (revenu/inadequation formation-emploi),personnes,486000,573000,https://telquel.ma/instant-t/2026/02/03/le-taux-de-chomage-diminue-de-03-point-en-2025-selon-hcp_1973660/
